{
	"scopeName": "source.c",
	"fileTypes": [
		"c",
		"h"
	],
	"firstLineMatch": "(?i)-\\*-[^*]*(Mode:\\s*)?C(\\s*;.*?)?\\s*-\\*-",
	"name": "C",
	"patterns": [
		{
			"include": "#preprocessor-rule-enabled"
		},
		{
			"include": "#preprocessor-rule-disabled"
		},
		{
			"include": "#preprocessor-rule-other"
		},
		{
			"include": "#comments"
		},
		{
			"match": "\\b(break|case|continue|default|do|else|for|goto|if|_Pragma|return|switch|while)\\b",
			"name": "keyword.control.c"
		},
		{
			"match": "\\b(asm|__asm__|auto|bool|_Bool|char|_Complex|double|enum|float|_Imaginary|int|long|short|signed|struct|typedef|union|unsigned|void)\\b",
			"name": "storage.type.c"
		},
		{
			"match": "\\b(const|extern|register|restrict|static|volatile|inline)\\b",
			"name": "storage.modifier.c"
		},
		{
			"comment": "common C constant naming idiom -- kConstantVariable",
			"match": "\\bk[A-Z]\\w*\\b",
			"name": "constant.other.variable.mac-classic.c"
		},
		{
			"match": "\\bg[A-Z]\\w*\\b",
			"name": "variable.other.readwrite.global.mac-classic.c"
		},
		{
			"match": "\\bs[A-Z]\\w*\\b",
			"name": "variable.other.readwrite.static.mac-classic.c"
		},
		{
			"match": "\\b(NULL|true|false|TRUE|FALSE)\\b",
			"name": "constant.language.c"
		},
		{
			"include": "#sizeof"
		},
		{
			"include": "#numbers"
		},
		{
			"include": "#strings"
		},
		{
			"begin": "(?x)\n^\\s* ((\\#)\\s*define) \\s+     # define\n((?<id>[a-zA-Z_$][\\w$]*))  # macro name\n(?:\n  (\\()\n    (\n      \\s* \\g<id> \\s*         # first argument\n      ((,) \\s* \\g<id> \\s*)*  # additional arguments\n      (?:\\.\\.\\.)?            # varargs ellipsis?\n    )\n  (\\))\n)?",
			"beginCaptures": {
				"1": {
					"name": "keyword.control.directive.define.c"
				},
				"2": {
					"name": "punctuation.definition.directive.c"
				},
				"3": {
					"name": "entity.name.function.preprocessor.c"
				},
				"5": {
					"name": "punctuation.definition.parameters.begin.c"
				},
				"6": {
					"name": "variable.parameter.preprocessor.c"
				},
				"8": {
					"name": "punctuation.separator.parameters.c"
				},
				"9": {
					"name": "punctuation.definition.parameters.end.c"
				}
			},
			"end": "(?=(?://|/\\*))|(?<!\\\\)(?=\\n)",
			"name": "meta.preprocessor.macro.c",
			"patterns": [
				{
					"include": "$base"
				}
			]
		},
		{
			"begin": "^\\s*((#)\\s*(error|warning))\\b",
			"captures": {
				"1": {
					"name": "keyword.control.directive.diagnostic.$3.c"
				},
				"2": {
					"name": "punctuation.definition.directive.c"
				}
			},
			"end": "(?<!\\\\)(?=\\n)",
			"name": "meta.preprocessor.diagnostic.c",
			"patterns": [
				{
					"include": "#line_continuation_character"
				}
			]
		},
		{
			"begin": "^\\s*((#)\\s*(include|import))\\b\\s*",
			"beginCaptures": {
				"1": {
					"name": "keyword.control.directive.$3.c"
				},
				"2": {
					"name": "punctuation.definition.directive.c"
				}
			},
			"end": "(?=(?://|/\\*))|(?<!\\\\)(?=\\n)",
			"name": "meta.preprocessor.include.c",
			"patterns": [
				{
					"include": "#line_continuation_character"
				},
				{
					"begin": "\"",
					"beginCaptures": {
						"0": {
							"name": "punctuation.definition.string.begin.c"
						}
					},
					"end": "\"",
					"endCaptures": {
						"0": {
							"name": "punctuation.definition.string.end.c"
						}
					},
					"name": "string.quoted.double.include.c"
				},
				{
					"begin": "<",
					"beginCaptures": {
						"0": {
							"name": "punctuation.definition.string.begin.c"
						}
					},
					"end": ">",
					"endCaptures": {
						"0": {
							"name": "punctuation.definition.string.end.c"
						}
					},
					"name": "string.quoted.other.lt-gt.include.c"
				}
			]
		},
		{
			"include": "#pragma-mark"
		},
		{
			"begin": "^\\s*((#)\\s*line)\\b",
			"beginCaptures": {
				"1": {
					"name": "keyword.control.directive.line.c"
				},
				"2": {
					"name": "punctuation.definition.directive.c"
				}
			},
			"end": "(?=(?://|/\\*))|(?<!\\\\)(?=\\n)",
			"name": "meta.preprocessor.c",
			"patterns": [
				{
					"include": "#strings"
				},
				{
					"include": "#numbers"
				},
				{
					"include": "#line_continuation_character"
				}
			]
		},
		{
			"begin": "^\\s*(?:((#)\\s*(?:elif|else|if|ifdef|ifndef))|((#)\\s*(pragma|undef)))\\b",
			"beginCaptures": {
				"1": {
					"name": "keyword.control.directive.conditional.c"
				},
				"2": {
					"name": "punctuation.definition.directive.c"
				},
				"3": {
					"name": "keyword.control.directive.$5.c"
				},
				"4": {
					"name": "punctuation.definition.directive.c"
				}
			},
			"end": "(?=(?://|/\\*))|(?<!\\\\)(?=\\n)",
			"name": "meta.preprocessor.c",
			"patterns": [
				{
					"include": "#line_continuation_character"
				}
			]
		},
		{
			"match": "\\b(u_char|u_short|u_int|u_long|ushort|uint|u_quad_t|quad_t|qaddr_t|caddr_t|daddr_t|dev_t|fixpt_t|blkcnt_t|blksize_t|gid_t|in_addr_t|in_port_t|ino_t|key_t|mode_t|nlink_t|id_t|pid_t|off_t|segsz_t|swblk_t|uid_t|id_t|clock_t|size_t|ssize_t|time_t|useconds_t|suseconds_t)\\b",
			"name": "support.type.sys-types.c"
		},
		{
			"match": "\\b(pthread_attr_t|pthread_cond_t|pthread_condattr_t|pthread_mutex_t|pthread_mutexattr_t|pthread_once_t|pthread_rwlock_t|pthread_rwlockattr_t|pthread_t|pthread_key_t)\\b",
			"name": "support.type.pthread.c"
		},
		{
			"match": "\\b(int8_t|int16_t|int32_t|int64_t|uint8_t|uint16_t|uint32_t|uint64_t|int_least8_t|int_least16_t|int_least32_t|int_least64_t|uint_least8_t|uint_least16_t|uint_least32_t|uint_least64_t|int_fast8_t|int_fast16_t|int_fast32_t|int_fast64_t|uint_fast8_t|uint_fast16_t|uint_fast32_t|uint_fast64_t|intptr_t|uintptr_t|intmax_t|intmax_t|uintmax_t|uintmax_t)\\b",
			"name": "support.type.stdint.c"
		},
		{
			"match": "\\b(noErr|kNilOptions|kInvalidID|kVariableLengthArray)\\b",
			"name": "support.constant.mac-classic.c"
		},
		{
			"match": "\\b(AbsoluteTime|Boolean|Byte|ByteCount|ByteOffset|BytePtr|CompTimeValue|ConstLogicalAddress|ConstStrFileNameParam|ConstStringPtr|Duration|Fixed|FixedPtr|Float32|Float32Point|Float64|Float80|Float96|FourCharCode|Fract|FractPtr|Handle|ItemCount|LogicalAddress|OptionBits|OSErr|OSStatus|OSType|OSTypePtr|PhysicalAddress|ProcessSerialNumber|ProcessSerialNumberPtr|ProcHandle|Ptr|ResType|ResTypePtr|ShortFixed|ShortFixedPtr|SignedByte|SInt16|SInt32|SInt64|SInt8|Size|StrFileName|StringHandle|StringPtr|TimeBase|TimeRecord|TimeScale|TimeValue|TimeValue64|UInt16|UInt32|UInt64|UInt8|UniChar|UniCharCount|UniCharCountPtr|UniCharPtr|UnicodeScalarValue|UniversalProcHandle|UniversalProcPtr|UnsignedFixed|UnsignedFixedPtr|UnsignedWide|UTF16Char|UTF32Char|UTF8Char)\\b",
			"name": "support.type.mac-classic.c"
		},
		{
			"comment": "Reserved POSIX types",
			"match": "\\b([A-Za-z0-9_]+_t)\\b",
			"name": "support.type.posix-reserved.c"
		},
		{
			"include": "#block"
		},
		{
			"begin": "(?x)\n(?:\n  ^ |\n (?:\n    (?=\\s)(?<!else|new|return)(?<=\\w)  # word + space before name\n    |\n    (?=\\s*[A-Za-z_])(?<!&&)(?<=[*&>])   # type modifier before name\n  )\n)\n(\\s*)(?!(while|for|do|if|else|switch|catch|enumerate|return|sizeof|[cr]?iterate)\\s*\\()\n(\n  (?:[A-Za-z_][A-Za-z0-9_]*+|::)++  # actual name\n  |\n  (?:(?<=operator)(?:[-*&<>=+!]+|\\(\\)|\\[\\]))  # if it is a C++ operator\n)\n\\s*(?=\\()",
			"beginCaptures": {
				"1": {
					"name": "punctuation.whitespace.function.leading.c"
				},
				"3": {
					"name": "entity.name.function.c"
				},
				"4": {
					"name": "punctuation.definition.parameters.c"
				}
			},
			"end": "(?<=\\})|(?=#)|(;)",
			"name": "meta.function.c",
			"patterns": [
				{
					"include": "#comments"
				},
				{
					"include": "#parens"
				},
				{
					"match": "\\b(const)\\b",
					"name": "storage.modifier.c"
				},
				{
					"include": "#block"
				}
			]
		},
		{
			"include": "#line_continuation_character"
		}
	],
	"repository": {
		"access": {
			"captures": {
				"2": {
					"name": "punctuation.separator.dot-access.c"
				},
				"3": {
					"name": "punctuation.separator.pointer-access.c"
				},
				"4": {
					"name": "variable.other.member.c"
				}
			},
			"match": "((\\.)|(->))([a-zA-Z_][a-zA-Z_0-9]*)\\b(?!\\s*\\()"
		},
		"block": {
			"patterns": [
				{
					"begin": "\\{",
					"beginCaptures": {
						"0": {
							"name": "punctuation.section.block.begin.c"
						}
					},
					"end": "\\}|(?=\\s*#\\s*endif\\b)",
					"endCaptures": {
						"0": {
							"name": "punctuation.section.block.end.c"
						}
					},
					"name": "meta.block.c",
					"patterns": [
						{
							"include": "#block_innards"
						}
					]
				}
			]
		},
		"block_innards": {
			"patterns": [
				{
					"include": "#preprocessor-rule-enabled-block"
				},
				{
					"include": "#preprocessor-rule-disabled-block"
				},
				{
					"include": "#preprocessor-rule-other-block"
				},
				{
					"include": "#sizeof"
				},
				{
					"include": "#access"
				},
				{
					"include": "#libc"
				},
				{
					"include": "#c_function_call"
				},
				{
					"captures": {
						"1": {
							"name": "variable.other.c"
						},
						"2": {
							"name": "punctuation.definition.parameters.c"
						}
					},
					"match": "(?x)\n\t\t\t        (?x)\n\t\t\t(?:  \n\t\t\t     (?: (?= \\s )           (?<!else|new|return) (?<=\\w)\\s+      #  or word + space before name\n\t\t\t     )\n\t\t\t)\n\t\t\t(\n\t\t\t\t(?: [A-Za-z_][A-Za-z0-9_]*+ | :: )++    |              # actual name\n\t\t\t\t(?: (?<=operator) (?: [-*&<>=+!]+ | \\(\\) | \\[\\] ) )  # if it is a C++ operator\n\t\t\t)\n\t\t\t \\s*(\\()",
					"name": "meta.initialization.c"
				},
				{
					"include": "#block"
				},
				{
					"include": "$base"
				}
			]
		},
		"c_function_call": {
			"captures": {
				"1": {
					"name": "punctuation.whitespace.function-call.leading.c"
				},
				"2": {
					"name": "support.function.any-method.c"
				},
				"4": {
					"name": "punctuation.definition.parameters.c"
				}
			},
			"match": "(?x) (?: (?= \\s )  (?:(?<=else|new|return) | (?<!\\w)) (\\s+))?\n\t\t\t(\\b \n\t\t\t\t(?!(while|for|do|if|else|switch|catch|enumerate|return|sizeof|[cr]?iterate)\\s*\\()(?:(?!NS)[A-Za-z_][A-Za-z0-9_]*+\\b | :: )++                  # actual name\n\t\t\t)\n\t\t\t \\s*(\\()",
			"name": "meta.function-call.c"
		},
		"comments": {
			"patterns": [
				{
					"captures": {
						"1": {
							"name": "meta.toc-list.banner.block.c"
						}
					},
					"match": "^/\\* =(\\s*.*?)\\s*= \\*/$\\n?",
					"name": "comment.block.c"
				},
				{
					"begin": "/\\*",
					"beginCaptures": {
						"0": {
							"name": "punctuation.definition.comment.begin.c"
						}
					},
					"end": "\\*/",
					"endCaptures": {
						"0": {
							"name": "punctuation.definition.comment.end.c"
						}
					},
					"name": "comment.block.c"
				},
				{
					"match": "\\*/.*\\n",
					"name": "invalid.illegal.stray-comment-end.c"
				},
				{
					"captures": {
						"1": {
							"name": "meta.toc-list.banner.line.c"
						}
					},
					"match": "^// =(\\s*.*?)\\s*=\\s*$\\n?",
					"name": "comment.line.banner.cpp"
				},
				{
					"begin": "(^[ \\t]+)?(?=//)",
					"beginCaptures": {
						"1": {
							"name": "punctuation.whitespace.comment.leading.cpp"
						}
					},
					"end": "(?!\\G)",
					"patterns": [
						{
							"begin": "//",
							"beginCaptures": {
								"0": {
									"name": "punctuation.definition.comment.cpp"
								}
							},
							"end": "\\n",
							"name": "comment.line.double-slash.cpp",
							"patterns": [
								{
									"include": "#line_continuation_character"
								}
							]
						}
					]
				}
			]
		},
		"disabled": {
			"begin": "^\\s*#\\s*if(n?def)?\\b.*$",
			"comment": "eat nested preprocessor if(def)s",
			"end": "^\\s*#\\s*endif\\b",
			"patterns": [
				{
					"include": "#disabled"
				},
				{
					"include": "#pragma-mark"
				}
			]
		},
		"libc": {
			"captures": {
				"1": {
					"name": "punctuation.whitespace.support.function.leading.c"
				},
				"2": {
					"name": "support.function.C99.c"
				}
			},
			"match": "(\\s*)\\b(hypot(f|l)?|s(scanf|ystem|nprintf|ca(nf|lb(n(f|l)?|ln(f|l)?))|i(n(h(f|l)?|f|l)?|gn(al|bit))|tr(s(tr|pn)|nc(py|at|mp)|c(spn|hr|oll|py|at|mp)|to(imax|d|u(l(l)?|max)|k|f|l(d|l)?)|error|pbrk|ftime|len|rchr|xfrm)|printf|et(jmp|vbuf|locale|buf)|qrt(f|l)?|w(scanf|printf)|rand)|n(e(arbyint(f|l)?|xt(toward(f|l)?|after(f|l)?))|an(f|l)?)|c(s(in(h(f|l)?|f|l)?|qrt(f|l)?)|cos(h(f)?|f|l)?|imag(f|l)?|t(ime|an(h(f|l)?|f|l)?)|o(s(h(f|l)?|f|l)?|nj(f|l)?|pysign(f|l)?)|p(ow(f|l)?|roj(f|l)?)|e(il(f|l)?|xp(f|l)?)|l(o(ck|g(f|l)?)|earerr)|a(sin(h(f|l)?|f|l)?|cos(h(f|l)?|f|l)?|tan(h(f|l)?|f|l)?|lloc|rg(f|l)?|bs(f|l)?)|real(f|l)?|brt(f|l)?)|t(ime|o(upper|lower)|an(h(f|l)?|f|l)?|runc(f|l)?|gamma(f|l)?|mp(nam|file))|i(s(space|n(ormal|an)|cntrl|inf|digit|u(nordered|pper)|p(unct|rint)|finite|w(space|c(ntrl|type)|digit|upper|p(unct|rint)|lower|al(num|pha)|graph|xdigit|blank)|l(ower|ess(equal|greater)?)|al(num|pha)|gr(eater(equal)?|aph)|xdigit|blank)|logb(f|l)?|max(div|abs))|di(v|fftime)|_Exit|unget(c|wc)|p(ow(f|l)?|ut(s|c(har)?|wc(har)?)|error|rintf)|e(rf(c(f|l)?|f|l)?|x(it|p(2(f|l)?|f|l|m1(f|l)?)?))|v(s(scanf|nprintf|canf|printf|w(scanf|printf))|printf|f(scanf|printf|w(scanf|printf))|w(scanf|printf)|a_(start|copy|end|arg))|qsort|f(s(canf|e(tpos|ek))|close|tell|open|dim(f|l)?|p(classify|ut(s|c|w(s|c))|rintf)|e(holdexcept|set(e(nv|xceptflag)|round)|clearexcept|testexcept|of|updateenv|r(aiseexcept|ror)|get(e(nv|xceptflag)|round))|flush|w(scanf|ide|printf|rite)|loor(f|l)?|abs(f|l)?|get(s|c|pos|w(s|c))|re(open|e|ad|xp(f|l)?)|m(in(f|l)?|od(f|l)?|a(f|l|x(f|l)?)?))|l(d(iv|exp(f|l)?)|o(ngjmp|cal(time|econv)|g(1(p(f|l)?|0(f|l)?)|2(f|l)?|f|l|b(f|l)?)?)|abs|l(div|abs|r(int(f|l)?|ound(f|l)?))|r(int(f|l)?|ound(f|l)?)|gamma(f|l)?)|w(scanf|c(s(s(tr|pn)|nc(py|at|mp)|c(spn|hr|oll|py|at|mp)|to(imax|d|u(l(l)?|max)|k|f|l(d|l)?|mbs)|pbrk|ftime|len|r(chr|tombs)|xfrm)|to(b|mb)|rtomb)|printf|mem(set|c(hr|py|mp)|move))|a(s(sert|ctime|in(h(f|l)?|f|l)?)|cos(h(f|l)?|f|l)?|t(o(i|f|l(l)?)|exit|an(h(f|l)?|2(f|l)?|f|l)?)|b(s|ort))|g(et(s|c(har)?|env|wc(har)?)|mtime)|r(int(f|l)?|ound(f|l)?|e(name|alloc|wind|m(ove|quo(f|l)?|ainder(f|l)?))|a(nd|ise))|b(search|towc)|m(odf(f|l)?|em(set|c(hr|py|mp)|move)|ktime|alloc|b(s(init|towcs|rtowcs)|towc|len|r(towc|len))))\\b"
		},
		"line_continuation_character": {
			"patterns": [
				{
					"match": "(\\\\)\\s*\\n",
					"captures": {
						"1": {
							"name": "constant.character.escape.line-continuation.c"
						}
					}
				}
			]
		},
		"numbers": {
			"patterns": [
				{
					"match": "\\b((0(x|X)[0-9a-fA-F]*)|(0(b|B)[01]*)|(([0-9]+\\.?[0-9]*)|(\\.[0-9]+))((e|E)(\\+|-)?[0-9]+)?)(L|l|UL|ul|u|U|F|f|ll|LL|ull|ULL)?\\b",
					"name": "constant.numeric.c"
				}
			]
		},
		"parens": {
			"begin": "\\(",
			"beginCaptures": {
				"0": {
					"name": "punctuation.section.parens.begin.c"
				}
			},
			"end": "\\)",
			"endCaptures": {
				"0": {
					"name": "punctuation.section.parens.end.c"
				}
			},
			"name": "meta.parens.c",
			"patterns": [
				{
					"include": "$base"
				}
			]
		},
		"pragma-mark": {
			"captures": {
				"1": {
					"name": "meta.preprocessor.c"
				},
				"2": {
					"name": "keyword.control.directive.pragma.pragma-mark.c"
				},
				"3": {
					"name": "punctuation.definition.directive.c"
				},
				"4": {
					"name": "meta.toc-list.pragma-mark.c"
				}
			},
			"match": "^\\s*(((#)\\s*pragma\\s+mark)\\s+(.*))",
			"name": "meta.section"
		},
		"preprocessor-rule-disabled": {
			"begin": "^\\s*(((#)if)\\s+(0)\\b).*",
			"beginCaptures": {
				"1": {
					"name": "meta.preprocessor.c"
				},
				"2": {
					"name": "keyword.control.directive.conditional.c"
				},
				"3": {
					"name": "punctuation.definition.directive.c"
				},
				"4": {
					"name": "constant.numeric.preprocessor.c"
				}
			},
			"end": "^\\s*(((#)\\s*endif)\\b)",
			"endCaptures": {
				"1": {
					"name": "meta.preprocessor.c"
				},
				"2": {
					"name": "keyword.control.directive.conditional.c"
				},
				"3": {
					"name": "punctuation.definition.directive.c"
				}
			},
			"patterns": [
				{
					"begin": "^\\s*(((#)\\s*else)\\b)",
					"beginCaptures": {
						"1": {
							"name": "meta.preprocessor.c"
						},
						"2": {
							"name": "keyword.control.directive.conditional.c"
						},
						"3": {
							"name": "punctuation.definition.directive.c"
						}
					},
					"end": "(?=^\\s*#\\s*endif\\b)",
					"patterns": [
						{
							"include": "$base"
						}
					]
				},
				{
					"begin": "\\G",
					"end": "(?=^\\s*#\\s*(else|endif)\\b)",
					"contentName": "comment.block.preprocessor.if-branch",
					"patterns": [
						{
							"include": "#disabled"
						},
						{
							"include": "#pragma-mark"
						}
					]
				}
			]
		},
		"preprocessor-rule-disabled-block": {
			"begin": "^\\s*(((#)if)\\s+(0)\\b).*",
			"beginCaptures": {
				"1": {
					"name": "meta.preprocessor.c"
				},
				"2": {
					"name": "keyword.control.directive.conditional.c"
				},
				"3": {
					"name": "punctuation.definition.directive.c"
				},
				"4": {
					"name": "constant.numeric.preprocessor.c"
				}
			},
			"end": "^\\s*(((#)\\s*endif)\\b)",
			"endCaptures": {
				"1": {
					"name": "meta.preprocessor.c"
				},
				"2": {
					"name": "keyword.control.directive.conditional.c"
				},
				"3": {
					"name": "punctuation.definition.directive.c"
				}
			},
			"patterns": [
				{
					"begin": "^\\s*(((#)\\s*else\\b))",
					"beginCaptures": {
						"1": {
							"name": "meta.preprocessor.c"
						},
						"2": {
							"name": "keyword.control.directive.conditional.c"
						},
						"3": {
							"name": "punctuation.definition.directive.c"
						}
					},
					"end": "(?=^\\s*#\\s*endif\\b)",
					"patterns": [
						{
							"include": "#block_innards"
						}
					]
				},
				{
					"begin": "\\G",
					"end": "(?=^\\s*#\\s*(else|endif)\\b)",
					"contentName": "comment.block.preprocessor.if-branch.in-block",
					"patterns": [
						{
							"include": "#disabled"
						},
						{
							"include": "#pragma-mark"
						}
					]
				}
			]
		},
		"preprocessor-rule-enabled": {
			"begin": "^\\s*(((#)if)\\s+(0*1)\\b)",
			"beginCaptures": {
				"1": {
					"name": "meta.preprocessor.c"
				},
				"2": {
					"name": "keyword.control.directive.conditional.c"
				},
				"3": {
					"name": "punctuation.definition.directive.c"
				},
				"4": {
					"name": "constant.numeric.preprocessor.c"
				}
			},
			"end": "^\\s*(((#)\\s*endif)\\b)",
			"endCaptures": {
				"1": {
					"name": "meta.preprocessor.c"
				},
				"2": {
					"name": "keyword.control.directive.conditional.c"
				},
				"3": {
					"name": "punctuation.definition.directive.c"
				}
			},
			"patterns": [
				{
					"begin": "^\\s*(((#)\\s*else)\\b).*",
					"beginCaptures": {
						"1": {
							"name": "meta.preprocessor.c"
						},
						"2": {
							"name": "keyword.control.directive.conditional.c"
						},
						"3": {
							"name": "punctuation.definition.directive.c"
						}
					},
					"contentName": "comment.block.preprocessor.else-branch",
					"end": "(?=^\\s*#\\s*endif\\b)",
					"patterns": [
						{
							"include": "#disabled"
						},
						{
							"include": "#pragma-mark"
						}
					]
				},
				{
					"begin": "\\G",
					"end": "(?=^\\s*#\\s*(else|endif)\\b)",
					"patterns": [
						{
							"include": "$base"
						}
					]
				}
			]
		},
		"preprocessor-rule-enabled-block": {
			"begin": "^\\s*(((#)if)\\s+(0*1)\\b)",
			"beginCaptures": {
				"1": {
					"name": "meta.preprocessor.c"
				},
				"2": {
					"name": "keyword.control.directive.conditional.c"
				},
				"3": {
					"name": "punctuation.definition.directive.c"
				},
				"4": {
					"name": "constant.numeric.preprocessor.c"
				}
			},
			"end": "^\\s*(((#)\\s*endif)\\b)",
			"endCaptures": {
				"1": {
					"name": "meta.preprocessor.c"
				},
				"2": {
					"name": "keyword.control.directive.conditional.c"
				},
				"3": {
					"name": "punctuation.definition.directive.c"
				}
			},
			"patterns": [
				{
					"begin": "^\\s*(((#)\\s*else)\\b).*",
					"beginCaptures": {
						"1": {
							"name": "meta.preprocessor.c"
						},
						"2": {
							"name": "keyword.control.directive.conditional.c"
						},
						"3": {
							"name": "punctuation.definition.directive.c"
						}
					},
					"contentName": "comment.block.preprocessor.else-branch.in-block",
					"end": "(?=^\\s*#\\s*endif\\b)",
					"patterns": [
						{
							"include": "#disabled"
						},
						{
							"include": "#pragma-mark"
						}
					]
				},
				{
					"begin": "\\G",
					"end": "(?=^\\s*#\\s*(else|endif)\\b)",
					"patterns": [
						{
							"include": "#block_innards"
						}
					]
				}
			]
		},
		"preprocessor-rule-other": {
			"begin": "^\\s*(((#)\\s*if(n?def)?)\\b.*?(?:(?=(?://|/\\*))|$))",
			"beginCaptures": {
				"1": {
					"name": "meta.preprocessor.c"
				},
				"2": {
					"name": "keyword.control.directive.conditional.c"
				},
				"3": {
					"name": "punctuation.definition.directive.c"
				}
			},
			"end": "^\\s*(((#)\\s*(endif))\\b)",
			"endCaptures": {
				"1": {
					"name": "meta.preprocessor.c"
				},
				"2": {
					"name": "keyword.control.directive.conditional.c"
				},
				"3": {
					"name": "punctuation.definition.directive.c"
				}
			},
			"patterns": [
				{
					"include": "$base"
				}
			]
		},
		"preprocessor-rule-other-block": {
			"begin": "^\\s*(((#)\\s*if(n?def)?)\\b.*?(?:(?=(?://|/\\*))|$))",
			"beginCaptures": {
				"1": {
					"name": "meta.preprocessor.c"
				},
				"2": {
					"name": "keyword.control.directive.conditional.c"
				},
				"3": {
					"name": "punctuation.definition.directive.c"
				}
			},
			"end": "^\\s*(((#)\\s*endif)\\b)",
			"endCaptures": {
				"1": {
					"name": "meta.preprocessor.c"
				},
				"2": {
					"name": "keyword.control.directive.conditional.c"
				},
				"3": {
					"name": "punctuation.definition.directive.c"
				}
			},
			"patterns": [
				{
					"include": "#block_innards"
				}
			]
		},
		"sizeof": {
			"match": "\\b(sizeof)\\b",
			"name": "keyword.operator.sizeof.c"
		},
		"strings": {
			"patterns": [
				{
					"begin": "\"",
					"beginCaptures": {
						"0": {
							"name": "punctuation.definition.string.begin.c"
						}
					},
					"end": "\"",
					"endCaptures": {
						"0": {
							"name": "punctuation.definition.string.end.c"
						}
					},
					"name": "string.quoted.double.c",
					"patterns": [
						{
							"include": "#string_escaped_char"
						},
						{
							"include": "#string_placeholder"
						},
						{
							"include": "#line_continuation_character"
						}
					]
				},
				{
					"begin": "'",
					"beginCaptures": {
						"0": {
							"name": "punctuation.definition.string.begin.c"
						}
					},
					"end": "'",
					"endCaptures": {
						"0": {
							"name": "punctuation.definition.string.end.c"
						}
					},
					"name": "string.quoted.single.c",
					"patterns": [
						{
							"include": "#string_escaped_char"
						},
						{
							"include": "#line_continuation_character"
						}
					]
				}
			]
		},
		"string_escaped_char": {
			"patterns": [
				{
					"match": "\\\\(\\\\|[abefnprtv'\"?]|[0-3]\\d{,2}|[4-7]\\d?|x[a-fA-F0-9]{,2}|u[a-fA-F0-9]{,4}|U[a-fA-F0-9]{,8})",
					"name": "constant.character.escape.c"
				},
				{
					"match": "\\\\.",
					"name": "invalid.illegal.unknown-escape.c"
				}
			]
		},
		"string_placeholder": {
			"patterns": [
				{
					"match": "(?x)%\n    \t\t\t\t\t\t(\\d+\\$)?                             # field (argument #)\n    \t\t\t\t\t\t[#0\\- +']*                           # flags\n    \t\t\t\t\t\t[,;:_]?                              # separator character (AltiVec)\n    \t\t\t\t\t\t((-?\\d+)|\\*(-?\\d+\\$)?)?              # minimum field width\n    \t\t\t\t\t\t(\\.((-?\\d+)|\\*(-?\\d+\\$)?)?)?         # precision\n    \t\t\t\t\t\t(hh|h|ll|l|j|t|z|q|L|vh|vl|v|hv|hl)? # length modifier\n    \t\t\t\t\t\t[diouxXDOUeEfFgGaACcSspn%]           # conversion type\n    \t\t\t\t\t",
					"name": "constant.other.placeholder.c"
				},
				{
					"match": "%",
					"name": "invalid.illegal.placeholder.c"
				}
			]
		}
	},
	"version": "https://github.com/atom/language-c/commit/3fe925ae573a67f67ef8cec4428939ae0997e81f"
}