{
	"typescript.reloadProjects.title": "Recharger le projet TypeScript",
	"javascript.reloadProjects.title": "Recharger le projet JavaScript",
	"configuration.typescript": "TypeScript",
	"typescript.useCodeSnippetsOnMethodSuggest.dec": "Fonctions complètes avec leur signature de paramètre.",
	"typescript.tsdk.desc": "Spécifie le chemin de dossier contenant les fichiers tsserver et lib*.d.ts à utiliser.",
	"typescript.tsdk_version.desc": "Spécifie la version de tsserver. Uniquement nécessaire si tsserver n'est pas installé via npm.",
	"typescript.check.workspaceVersion": "Vérifier si une version de TypeScript est disponible dans l'espace de travail",
	"typescript.check.tscVersion": "Vérifiez si un compilateur TypeScript installé globalement (par exemple tsc) est différent du service de langage TypeScript.",
	"typescript.tsserver.trace": "Active le traçage de l'envoi des messages au serveur TS",
	"typescript.tsserver.experimentalAutoBuild": "Active la build automatique expérimentale. Nécessite la version 1.9 dev ou 2.x tsserver et le redémarrage du code VS une fois celui-ci modifié.",
	"typescript.validate.enable": "Activer/désactiver la validation TypeScript",
	"format.insertSpaceAfterCommaDelimiter": "Définit le traitement des espaces après une virgule de délimitation",
	"format.insertSpaceAfterSemicolonInForStatements": " Définit le traitement des espaces après un point-virgule dans une instruction for",
	"format.insertSpaceBeforeAndAfterBinaryOperators": "Définit le traitement des espaces après un opérateur binaire",
	"format.insertSpaceAfterKeywordsInControlFlowStatements": "Définit le traitement des espaces après des mots clés dans une instruction de flux de contrôle",
	"format.insertSpaceAfterFunctionKeywordForAnonymousFunctions": "Définit le traitement des espaces après le mot clé function pour les fonctions anonymes",
	"format.insertSpaceAfterOpeningAndBeforeClosingNonemptyParenthesis": "Définit le traitement des espaces après l'ouverture et avant la fermeture de parenthèses non vides",
	"format.insertSpaceAfterOpeningAndBeforeClosingNonemptyBrackets": "Définit le traitement des espaces après l'ouverture et avant la fermeture de crochets non vides",
	"format.placeOpenBraceOnNewLineForFunctions": "Définit si une accolade ouvrante dans une fonction est placée ou non sur une nouvelle ligne",
	"format.placeOpenBraceOnNewLineForControlBlocks": "Définit si une accolade ouvrante dans un bloc de contrôle est placée ou non sur une nouvelle ligne",
	"javascript.validate.enable": "Activer/désactiver la validation JavaScript"
}