{
	"typescript.reloadProjects.title": "重新載入 TypeScript 專案",
	"javascript.reloadProjects.title": "重新載入 JavaScript 專案",
	"configuration.typescript": "TypeScript",
	"typescript.useCodeSnippetsOnMethodSuggest.dec": "使用其參數簽章完成函式。",
	"typescript.tsdk.desc": "指定資料夾路徑，其中包含要使用的 tsserver 和 lib*.d.ts 檔案。",
	"typescript.tsdk_version.desc": "指定 tsserver 版本。只有在未使用 npm 安裝 tsserver 時才需要。",
	"typescript.check.workspaceVersion": "請檢查 TypeScript 版本是否可在工作區中使用",
	"typescript.check.tscVersion": "請檢查全域安裝 TypeScript 編譯器 (例如 tsc) 是否不同於使用的 TypeScript 語言服務。",
	"typescript.tsserver.trace": "允許追蹤傳送到 TS 伺服器的訊息",
	"typescript.tsserver.experimentalAutoBuild": "啟用實驗性自動建置。需要 1.9 dev 或 2.x tsserver 版本，且在變更後必須重新啟動 VS Code。",
	"typescript.validate.enable": "啟用 / 停用 TypeScript 驗證",
	"format.insertSpaceAfterCommaDelimiter": "定義逗號分隔符號後的空格處理",
	"format.insertSpaceAfterSemicolonInForStatements": "定義 for 陳述式內分號後的空格處理",
	"format.insertSpaceBeforeAndAfterBinaryOperators": "定義二元運算子後的空格處理",
	"format.insertSpaceAfterKeywordsInControlFlowStatements": "定義控制流量陳述式內關鍵字後的空格處理",
	"format.insertSpaceAfterFunctionKeywordForAnonymousFunctions": "定義匿名函式之函式關鍵字後的空格處理",
	"format.insertSpaceAfterOpeningAndBeforeClosingNonemptyParenthesis": "定義左括弧與非空白右括弧間的空格處理",
	"format.insertSpaceAfterOpeningAndBeforeClosingNonemptyBrackets": "定義左中括弧與非空白右中括弧間的空格處理",
	"format.placeOpenBraceOnNewLineForFunctions": "定義是否將左大括弧放入函式的新行",
	"format.placeOpenBraceOnNewLineForControlBlocks": "定義是否將左大括弧放入控制區塊的新行",
	"javascript.validate.enable": "啟用 / 停用 JavaScript 驗證"
}