{
	"extension.description": "Visual Studio-Codedebuggererweiterung für Node.js",
	"node.label": "Node.js",
	"node.sourceMaps.description": "Verwendet JavaScript-Quellzuordnungen (wenn vorhanden).",
	"node.outDir.description": "Wenn Quellzuordnungen aktiviert sind, wird der generierte Code in diesem Verzeichnis erwartet. Veraltet: Verwenden Sie stattdessen das Attribut \"outFiles\".",
	"node.outFiles.description": "Wenn Quellzuordnungen aktiviert sind, geben diese Globmuster die generierten JavaScript-Dateien an. Wenn ein Muster mit \"!\" beginnt, werden die Dateien ausgeschlossen. Wenn keine Angabe erfolgt, wird der generierte Code im gleichen Verzeichnis wie seine Quelle erwartet.",
	"node.stopOnEntry.description": "Beendet das Programm nach dem Start automatisch.",
	"node.port.description": "Der Debugport zum Anfügen. Der Standardwert ist 5858.",
	"node.address.description": "Die TCP/IP-Adresse des Debugports (nur für Node.js >= 5.0). Der Standardwert ist \"localhost\".",
	"node.timeout.description": "Führt für diese Anzahl von Millisekunden Wiederholungsversuche aus, um eine Verbindung mit Node.js herzustellen. Der Standardwert sind 10.000 Millisekunden.",
	"node.smartStep.description": "Durchläuft automatisch den generierten Code, der nicht der ursprünglichen Quelle erneut zugeordnet werden kann.",
	"node.launch.program.description": "Der absolute Pfad zum Programm.",
	"node.launch.externalConsole.description": "Startet das Debugziel in einer externen Konsole.",
	"node.launch.externalConsole.error": "Veraltet: Verwenden Sie stattdessen das Attribut \"console\".",
	"node.launch.console.description": "Startort des Debugziels: interne Konsole, integriertes Terminal oder externes Terminal.",
	"node.launch.args.description": "Befehlszeilenargumente, die an das Programm übergeben werden.",
	"node.launch.cwd.description": "Der absolute Pfad zum Arbeitsverzeichnis des Programms, das debuggt wird.",
	"node.launch.runtimeExecutable.description": "Die zu verwendende Laufzeit. Ein absoluter Pfad oder der Name einer in PATH verfügbaren Laufzeit. Wenn keine Angabe erfolgt, wird \"node\" angenommen.",
	"node.launch.runtimeArgs.description": "Optionale Argumente, die an die ausführbare Laufzeitdatei übergeben werden.",
	"node.launch.env.description": "Umgebungsvariablen, die an das Programm übergeben werden.",
	"node.launch.config.name": "Starten",
	"node.attach.processId.description": "Die ID des Prozesses, an den die Anfügung erfolgen soll.",
	"node.attach.restart.description": "Startet die Sitzung neu, nachdem Node.js beendet wurde.",
	"node.attach.localRoot.description": "Der lokale Quellstamm, der dem \"remoteRoot\" entspricht.",
	"node.attach.remoteRoot.description": "Der Quellstamm des Remotehosts.",
	"node.attach.config.name": "Anfügen",
	"node.processattach.config.name": "An den Prozess anhängen",
	"extensionHost.label": "VSCode-Erweiterungsentwicklung",
	"extensionHost.launch.runtimeExecutable.description": "Der absolute Pfad zu VS Code.",
	"extensionHost.launch.args.description": "Befehlszeilenargumente, die an das Programm übergeben werden.",
	"extensionHost.launch.stopOnEntry.description": "Beendet den Extensionhost nach dem Start automatisch.",
	"extensionHost.launch.sourceMaps.description": "Verwendet JavaScript-Quellzuordnungen.",
	"extensionHost.launch.outDir.description": "Wenn Quellzuordnungen aktiviert sind, wird der generierte Code in diesem Verzeichnis erwartet. Veraltet: Verwenden Sie stattdessen das Attribut \"outFiles\".",
	"extensionHost.launch.outFiles.description": "Wenn Quellzuordnungen aktiviert sind, geben diese Globmuster die generierten JavaScript-Dateien an. Wenn ein Muster mit \"!\" beginnt, werden die Dateien ausgeschlossen. Wenn keine Angabe erfolgt, wird der generierte Code im gleichen Verzeichnis wie seine Quelle erwartet.",
	"extensionHost.smartStep.description": "Durchläuft automatisch den generierten Code, der nicht der ursprünglichen Quelle erneut zugeordnet werden kann.",
	"extensionHost.launch.config.name": "Extension starten"
}