{
	"extension.description": "用于 Node.js 的 Visual Studio 代码调试器扩展",
	"node.label": "Node.js",
	"node.sourceMaps.description": "使用 JavaScript 源映射(如果存在)。",
	"node.outDir.description": "如果启用源映射，则此目录中应有生成的代码。已弃用: 改用 \"outFiles\" 属性。",
	"node.outFiles.description": "如果启用源映射，则这些 glob 模式将指定生成的 JavaScript 文件。如果模式以 \"!\" 开始，则排除这些文件。如果未指定，则生成的代码应与其源位于同一目录中。",
	"node.stopOnEntry.description": "启动后自动停止程序。",
	"node.port.description": "调试要附加的端口。默认端口是 5858。",
	"node.address.description": "调试端口的 TCP/IP 地址(仅限 Node.js >= 5.0)。默认值为 \"localhost\"。",
	"node.timeout.description": "重试连接到 Node.js 的此毫秒数。默认值为 10000 ms。",
	"node.smartStep.description": "自动单步执行无法映射回原始源的生成代码。",
	"node.launch.program.description": "程序的绝对路径。",
	"node.launch.externalConsole.description": "启动外部控制台的调试目标。",
	"node.launch.externalConsole.error": "已弃用: 改用 \"console\" 特性。",
	"node.launch.console.description": "可启动调试目标的位置: 内部控制台、集成终端或外部终端。",
	"node.launch.args.description": "传递给程序的命令行参数。",
	"node.launch.cwd.description": "正在进行调试的程序的工作目录的绝对路径。",
	"node.launch.runtimeExecutable.description": "要使用的运行时。一个绝对路径或路径上可用的运行时名称。如果假定省略“节点”。",
	"node.launch.runtimeArgs.description": "传递给运行时可执行文件的可选参数。",
	"node.launch.env.description": "传递给程序的环境变量。",
	"node.launch.config.name": "启动",
	"node.attach.processId.description": "要附加到的进程 ID。",
	"node.attach.restart.description": "请在终止 Node.js 后重启会话。",
	"node.attach.localRoot.description": "对应于 \"remoteRoot\" 的本地源根。",
	"node.attach.remoteRoot.description": "远程主机的源根。",
	"node.attach.config.name": "附加",
	"node.processattach.config.name": "附加到进程",
	"extensionHost.label": "VS 代码扩展开发",
	"extensionHost.launch.runtimeExecutable.description": "VS Code 的绝对路径。",
	"extensionHost.launch.args.description": "传递给程序的命令行参数。",
	"extensionHost.launch.stopOnEntry.description": "启动后自动停止扩展主机。",
	"extensionHost.launch.sourceMaps.description": "使用 JavaScript 源映射。",
	"extensionHost.launch.outDir.description": "如果启用源映射，则此目录中应有生成的代码。已弃用: 改用 \"outFiles\" 属性。",
	"extensionHost.launch.outFiles.description": "如果启用源映射，则这些 glob 模式将指定生成的 JavaScript 文件。如果模式以 \"!\" 开始，则排除这些文件。如果未指定，则生成的代码应与其源位于同一目录中。",
	"extensionHost.smartStep.description": "自动单步执行无法映射回原始源的生成代码。",
	"extensionHost.launch.config.name": "启动扩展"
}