{
	"extension.description": "Node.js용 Visual Studio Code 디버거 확장",
	"node.label": "Node.js",
	"node.sourceMaps.description": "JavaScript 소스 맵을 사용합니다(있는 경우에만).",
	"node.outDir.description": "소스 맵이 사용되는 경우 생성된 코드가 이 디렉터리에 필요합니다. 사용되지 않는 경우 'outFiles' 특성을 대신 사용합니다.",
	"node.outFiles.description": "소스 맵이 사용되는 경우 이러한 GLOB 패턴은 생성된 JavaScript 파일을 지정합니다. 패턴이 '!'로 시작하면 파일이 제외됩니다. 지정하지 않으면 생성된 코드가 소스와 동일한 디렉터리에 필요합니다.",
	"node.stopOnEntry.description": "시작한 후 자동으로 프로그램을 중지합니다.",
	"node.port.description": "연결할 디버그 포트입니다. 기본값은 5858입니다.",
	"node.address.description": "디버그 포트의 TCP/IP 주소입니다(Node.js >= 5.0인 경우에만). 기본값은 'localhost'입니다.",
	"node.timeout.description": "이 시간(밀리초) 동안 Node.js에 연결하려고 다시 시도합니다. 기본값은 10000ms입니다.",
	"node.smartStep.description": "생성된 코드 중 원래 소스로 다시 매핑할 수 없는 코드를 단계별로 자동 실행합니다.",
	"node.launch.program.description": "프로그램의 절대 경로입니다.",
	"node.launch.externalConsole.description": "외부 콘솔에서 디버그 대상을 시작합니다.",
	"node.launch.externalConsole.error": "사용되지 않음: 대신 'console' 특성을 사용하세요.",
	"node.launch.console.description": "디버그 대상을 시작할 위치(내부 콘솔, 통합 터미널 또는 외부 터미널)입니다.",
	"node.launch.args.description": "명령줄 인수가 프로그램에 전달되었습니다.",
	"node.launch.cwd.description": "디버그 중인 프로그램의 작업 디렉터리의 절대 경로입니다.",
	"node.launch.runtimeExecutable.description": "사용할 런타임입니다. PATH에서 사용할 수 있는 런타임의 절대 경로 또는 이름입니다. 생략하면 'node'가 가정됩니다.",
	"node.launch.runtimeArgs.description": "선택적 인수가 런타임 실행 파일에 전달되었습니다.",
	"node.launch.env.description": "환경 변수가 프로그램에 전달되었습니다.",
	"node.launch.config.name": "시작",
	"node.attach.processId.description": "연결할 프로세스의 ID입니다.",
	"node.attach.restart.description": "Node.js가 종료된 후 세션을 다시 시작합니다.",
	"node.attach.localRoot.description": "'remoteRoot'에 해당하는 로컬 소스 루트입니다.",
	"node.attach.remoteRoot.description": "원격 호스트의 소스 루트입니다.",
	"node.attach.config.name": "연결",
	"node.processattach.config.name": "프로세스에 연결",
	"extensionHost.label": "VS Code 확장 개발",
	"extensionHost.launch.runtimeExecutable.description": "VS Code의 절대 경로입니다.",
	"extensionHost.launch.args.description": "명령줄 인수를 프로그램에 전달했습니다.",
	"extensionHost.launch.stopOnEntry.description": "시작한 후 자동으로 확장 호스트를 중지합니다.",
	"extensionHost.launch.sourceMaps.description": "JavaScript 소스 맵을 사용합니다.",
	"extensionHost.launch.outDir.description": "소스 맵이 사용되는 경우 생성된 코드가 이 디렉터리에 필요합니다. 사용되지 않는 경우 'outFiles' 특성을 대신 사용합니다.",
	"extensionHost.launch.outFiles.description": "소스 맵이 사용되는 경우 이러한 GLOB 패턴은 생성된 JavaScript 파일을 지정합니다. 패턴이 '!'로 시작하면 파일이 제외됩니다. 지정하지 않으면 생성된 코드가 소스와 동일한 디렉터리에 필요합니다.",
	"extensionHost.smartStep.description": "생성된 코드 중 원래 소스로 다시 매핑할 수 없는 코드를 단계별로 자동 실행합니다.",
	"extensionHost.launch.config.name": "확장 시작"
}