{
	"extension.description": "Extension de débogueur Visual Studio Code pour Node.js",
	"node.label": "Node.js",
	"node.sourceMaps.description": "Utilisez des mappages de sources JavaScript (s'ils existent)",
	"node.outDir.description": "Si les mappages de sources sont activés, le code généré est attendu dans ce répertoire. Déconseillé : utilisez l'attribut 'outFiles' à la place.",
	"node.outFiles.description": "Si les mappages de sources sont activés, ces modèles Glob spécifient les fichiers JavaScript générés. Si un modèle commence par '!', les fichiers sont exclus. En l'absence de spécification, le code généré est censé se trouver dans le même répertoire que sa source.",
	"node.stopOnEntry.description": "Arrêtez automatiquement le programme après le lancement.",
	"node.port.description": "Port de débogage auquel effectuer l'attachement. La valeur par défaut est 5858.",
	"node.address.description": "Adresse TCP/IP du port de débogage (pour Node.js >= 5.0 uniquement). La valeur par défaut est 'localhost'.",
	"node.timeout.description": "Réessayez de vous connecter à Node.js pendant le nombre de millisecondes spécifié. La valeur par défaut est 10 000 ms.",
	"node.smartStep.description": "Exécutez pas à pas de façon automatique le code généré qui ne peut être mappé à la source d'origine.",
	"node.launch.program.description": "Chemin absolu du programme.",
	"node.launch.externalConsole.description": "Lancez la cible de débogage dans la console externe.",
	"node.launch.externalConsole.error": "Déconseillé : utilisez l'attribut 'console' à la place.",
	"node.launch.console.description": "Où lancer la cible de débogage : console interne, terminal intégré ou terminal externe.",
	"node.launch.args.description": "Arguments de ligne de commande passés au programme.",
	"node.launch.cwd.description": "Chemin absolu du répertoire de travail du programme en cours de débogage.",
	"node.launch.runtimeExecutable.description": "Runtime à utiliser. Chemin absolu ou nom d'un runtime disponible dans PATH. En cas d'omission, 'node' est choisi par défaut.",
	"node.launch.runtimeArgs.description": "Arguments facultatifs passés à l'exécutable du runtime.",
	"node.launch.env.description": "Variables d'environnement passées au programme.",
	"node.launch.config.name": "Lancer",
	"node.attach.processId.description": "ID du processus auquel effectuer la jonction.",
	"node.attach.restart.description": "Redémarrez la session une fois l'exécution de Node.js achevée.",
	"node.attach.localRoot.description": "Racine de la source locale qui correspond à 'remoteRoot'.",
	"node.attach.remoteRoot.description": "Racine source de l'hôte distant.",
	"node.attach.config.name": "Attacher",
	"node.processattach.config.name": "Attacher au processus",
	"extensionHost.label": "Développement d'extension VS Code",
	"extensionHost.launch.runtimeExecutable.description": "Chemin absolu de VS Code.",
	"extensionHost.launch.args.description": "Arguments de ligne de commande passés au programme.",
	"extensionHost.launch.stopOnEntry.description": "Arrêtez automatiquement l'hôte de l'extension après le lancement.",
	"extensionHost.launch.sourceMaps.description": "Utilisez des mappages de sources JavaScript.",
	"extensionHost.launch.outDir.description": "Si les mappages de sources sont activés, le code généré est attendu dans ce répertoire. Déconseillé : utilisez l'attribut 'outFiles' à la place.",
	"extensionHost.launch.outFiles.description": "Si les mappages de sources sont activés, ces modèles Glob spécifient les fichiers JavaScript générés. Si un modèle commence par '!', les fichiers sont exclus. En l'absence de spécification, le code généré est censé se trouver dans le même répertoire que sa source.",
	"extensionHost.smartStep.description": "Exécutez pas à pas de façon automatique le code généré qui ne peut être mappé à la source d'origine.",
	"extensionHost.launch.config.name": "Lancer l'extension"
}